"county_name","Population Estimates, July 1 2022, (V2022)","Population Estimates, July 1 2021, (V2021)","Population estimates base, April 1, 2020, (V2022)","Population estimates base, April 1, 2020, (V2021)","Population, percent change - April 1, 2020 (estimates base) to July 1, 2022, (V2022)","Population, percent change - April 1, 2020 (estimates base) to July 1, 2021, (V2021)","Population, Census, April 1, 2020","Population, Census, April 1, 2010","Persons under 5 years, percent","Persons under 18 years, percent","Persons 65 years and over, percent","Female persons, percent","White alone, percent","Black or African American alone, percent","American Indian and Alaska Native alone, percent","Asian alone, percent","Native Hawaiian and Other Pacific Islander alone, percent","Two or More Races, percent","Hispanic or Latino, percent","White alone, not Hispanic or Latino, percent","Veterans, 2017-2021","Foreign born persons, percent, 2017-2021","Housing units, July 1, 2021, (V2021)","Owner-occupied housing unit rate, 2017-2021","Median value of owner-occupied housing units, 2017-2021","Median selected monthly owner costs -with a mortgage, 2017-2021","Median selected monthly owner costs -without a mortgage, 2017-2021","Median gross rent, 2017-2021","Building permits, 2021","Households, 2017-2021","Persons per household, 2017-2021","Living in same house 1 year ago, percent of persons age 1 year+, 2017-2021","Language other than English spoken at home, percent of persons age 5 years+, 2017-2021","Households with a computer, percent, 2017-2021","Households with a broadband Internet subscription, percent, 2017-2021","High school graduate or higher, percent of persons age 25 years+, 2017-2021","Bachelor's degree or higher, percent of persons age 25 years+, 2017-2021","With a disability, under age 65 years, percent, 2017-2021","Persons  without health insurance, under age 65 years, percent","In civilian labor force, total, percent of population age 16 years+, 2017-2021","In civilian labor force, female, percent of population age 16 years+, 2017-2021","Total accommodation and food services sales, 2017 ($1,000)","Total health care and social assistance receipts/revenue, 2017 ($1,000)","Total transportation and warehousing receipts/revenue, 2017 ($1,000)","Total retail sales, 2017 ($1,000)","Total retail sales per capita, 2017","Mean travel time to work (minutes), workers age 16 years+, 2017-2021","Median household income (in 2021 dollars), 2017-2021","Per capita income in past 12 months (in 2021 dollars), 2017-2021","Persons in poverty, percent","Total employer establishments, 2020","Total employment, 2020","Total annual payroll, 2020 ($1,000)","Total employment, percent change, 2019-2020","Total nonemployer establishments, 2019","All employer firms, Reference year 2017","Men-owned employer firms, Reference year 2017","Women-owned employer firms, Reference year 2017","Minority-owned employer firms, Reference year 2017","Nonminority-owned employer firms, Reference year 2017","Veteran-owned employer firms, Reference year 2017","Nonveteran-owned employer firms, Reference year 2017","Population per square mile, 2020","Population per square mile, 2010","Land area in square miles, 2020","Land area in square miles, 2010","FIPS Code"
"queens_county",NA,"2,331,143",NA,"2,405,464",NA,"-3.1%","2,405,464","2,230,722","5.7%","20.0%","17.4%","51.1%","47.3%","20.7%","1.4%","27.3%","0.2%","3.1%","28.1%","24.5%","41,318","47.0%","902,824","45.4%","$603,200","$2,777","$961","$1,711","4,087","807,468","2.93","92.1%","55.2%","93.3%","87.7%","82.7%","33.9%","5.6%","9.7%","63.8%","58.2%","4,593,736","15,735,791","20,371,315","19,297,120","$8,408","43.8","$75,886","$35,640","13.6%","49,999","603,514","29,388,799","0.1%","268,034","44,964","29,262","10,125","20,423","22,039","1,032","41,558","22,124.5","20,553.6","108.72","108.53","""36081"""
"nassau_county",NA,"1,390,907",NA,"1,395,774",NA,"-0.3%","1,395,774","1,339,532","5.3%","21.5%","18.4%","50.8%","72.2%","13.1%","0.6%","11.9%","0.1%","2.1%","17.6%","57.4%","38,039","22.4%","478,163","81.7%","$560,100","$3,412","$1,468","$1,940","1,365","453,576","3.03","93.1%","28.8%","95.0%","92.0%","91.7%","47.5%","4.9%","4.2%","65.4%","59.7%","4,066,714","15,609,579","5,235,303","26,841,202","$19,776","36.2","$126,576","$55,763","6.1%","48,270","575,632","31,776,476","-0.8%","154,022","43,969","29,597","8,722","9,122","32,415","1,965","39,498","4,905.3","4,704.8","284.54","284.72","""36059"""
"kings_county",NA,"2,641,052",NA,"2,736,074",NA,"-3.5%","2,736,074","2,504,700","6.7%","22.7%","15.1%","52.4%","49.9%","33.3%","1.0%","12.9%","0.1%","2.8%","18.8%","37.0%","36,598","35.3%","1,086,068","30.7%","$767,500","$3,099","$971","$1,582","7,013","985,108","2.71","90.6%","44.3%","90.4%","84.9%","83.7%","39.5%","5.8%","7.6%","63.6%","60.0%","4,361,700","20,989,493","2,409,494","28,734,814","$11,076","42.9","$67,753","$38,812","19.2%","59,985","694,127","28,753,042","2.5%","284,766","52,976","34,358","11,752","16,025","33,928","1,246","48,909","39,437.8","35,369.1","69.38","70.82","""36047"""
"richmond_county",NA,"493,494",NA,"495,747",NA,"-0.5%","495,747","468,730","5.5%","21.7%","17.0%","51.1%","73.0%","11.6%","0.7%","12.3%","0.1%","2.3%","18.7%","58.3%","12,508","24.2%","184,162","68.7%","$575,500","$2,687","$977","$1,445","310","169,528","2.87","93.5%","33.9%","92.8%","86.0%","88.6%","34.9%","6.4%","4.4%","59.6%","54.2%","665,440","3,540,659","1,091,017","4,302,741","$9,043","44.5","$89,427","$40,180","11.9%","9,352","113,081","5,116,100","3.2%","39,224","8,192","5,605","1,504","1,684","5,943","S","7,268","8,618.2","8,030.3","57.52","58.37","""36085"""
"new_york_county",NA,"1,576,876",NA,"1,694,251",NA,"-6.9%","1,694,251","1,585,873","4.4%","14.7%","18.3%","52.4%","63.5%","18.5%","1.3%","13.0%","0.2%","3.6%","26.4%","45.8%","29,444","27.9%","916,602","24.7%","$1,008,500","$3,661","$1,218","$1,869","3,165","767,213","2.09","83.9%","38.3%","93.4%","88.8%","88.4%","62.6%","6.3%","4.7%","66.9%","63.1%","27,902,302","44,469,833","4,764,857","54,824,853","$33,587","32.1","$93,956","$83,008","17.4%","99,048","2,355,277","275,961,220","1.2%","219,769","86,330","52,638","18,965","20,596","56,168","2,374","74,680","74,781.6","69,467.5","22.66","22.83","""36061"""
"bronx_county",NA,"1,424,948",NA,"1,472,654",NA,"-3.2%","1,472,654","1,385,108","6.7%","24.5%","14.0%","52.6%","44.3%","43.8%","3.1%","4.7%","0.4%","3.8%","56.4%","9.0%","24,690","34.2%","552,470","19.8%","$445,900","$2,661","$873","$1,306","5,348","521,340","2.73","91.8%","58.2%","90.9%","82.4%","74.1%","20.9%","11.8%","8.8%","58.9%","55.2%","1,418,743","13,367,520","1,163,686","9,150,286","$6,355","45.3","$43,726","$23,862","26.4%","18,183","284,865","13,533,992","1.3%","120,204","15,640","10,346","2,838","5,889","8,445","531","13,886","34,920.2","32,903.6","42.17","42.10","""36005"""
"dutchess_county",NA,"297,112",NA,"295,911",NA,"0.4%","295,911","297,488","4.5%","18.4%","18.5%","49.9%","80.6%","12.3%","0.5%","3.7%","0.1%","2.8%","13.8%","69.7%","13,227","11.2%","122,641","68.9%","$304,600","$2,317","$886","$1,314","522","111,735","2.49","89.3%","15.2%","94.1%","91.0%","91.5%","37.7%","8.0%","4.7%","62.9%","60.4%","655,229","2,503,665","184,226","3,909,612","$13,320","32.0","$87,112","$44,800","9.7%","7,412","98,011","5,006,793","-3.2%","23,414","6,701","4,187","S","910","5,144","289","5,727","371.9","373.9","795.65","795.63","""36027"""
"putnam_county",NA,"97,936",NA,"97,668",NA,"0.3%","97,668","99,710","4.5%","19.2%","18.6%","49.6%","90.4%","4.5%","0.5%","2.4%","0.1%","2.2%","17.7%","75.3%","3,418","13.9%","38,359","83.3%","$377,800","$2,800","$1,151","$1,544","67","34,651","2.76","92.4%","20.2%","95.5%","93.1%","93.3%","41.5%","6.2%","4.3%","65.2%","60.3%","146,303","609,918","77,809","909,879","$9,200","39.2","$111,617","$49,808","6.6%","2,841","22,010","1,014,355","-0.3%","9,818","2,553","1,744","S","257","2,101","69","2,250","424.3","432.9","230.20","230.31","""36079"""
"orange_county",NA,"404,525",NA,"401,310",NA,"0.8%","401,310","372,813","6.6%","25.6%","14.5%","49.6%","78.7%","13.9%","0.9%","3.1%","0.1%","3.2%","22.6%","61.1%","18,722","11.7%","148,237","68.9%","$291,900","$2,404","$991","$1,379","1,760","132,880","2.92","91.0%","25.8%","90.7%","86.3%","89.9%","31.4%","7.8%","5.4%","62.7%","59.2%","714,989","2,906,256","846,488","7,023,730","$18,489","34.1","$85,640","$37,651","12.2%","9,714","121,375","5,255,808","-1.3%","27,793","8,234","5,153","1,568","1,149","6,213","312","7,008","494.0","459.3","812.32","811.69","""36071"""
"rockland_county",NA,"339,227",NA,"338,329",NA,"0.3%","338,329","311,687","8.4%","29.2%","15.7%","50.6%","78.0%","12.9%","0.6%","6.2%","0.1%","2.2%","18.8%","62.7%","8,021","21.0%","108,510","68.1%","$465,200","$3,250","$1,471","$1,642","486","102,161","3.23","91.2%","42.6%","90.5%","86.4%","88.9%","42.0%","5.2%","5.2%","63.9%","59.7%","647,448","2,706,263","344,393","4,732,545","$14,580","31.2","$99,707","$41,041","15.2%","10,348","120,524","5,762,339","1.8%","29,485","8,938","5,705","1,662","1,560","6,614","S","7,844","1,950.7","1,795.9","173.44","173.55","""36087"""
"westchester_county",NA,"997,895",NA,"1,004,457",NA,"-0.7%","1,004,457","949,113","5.2%","21.4%","17.8%","51.2%","72.9%","16.7%","1.0%","6.6%","0.1%","2.7%","25.9%","52.4%","26,426","25.3%","392,186","61.6%","$559,900","$3,598","$1,484","$1,682","2,319","364,413","2.67","90.4%","33.9%","94.1%","89.7%","88.9%","50.6%","5.9%","5.6%","65.5%","60.2%","2,561,634","10,819,866","1,915,831","16,295,562","$16,799","34.8","$105,387","$61,830","9.4%","31,014","384,010","27,525,545","-2.2%","104,393","27,684","18,052","5,328","5,660","19,754","934","24,416","2,332.0","2,204.7","430.72","430.50","""36119"""
"suffolk_county",NA,"1,526,344",NA,"1,525,920",NA,"Z","1,525,920","1,493,350","5.2%","20.7%","17.6%","50.4%","83.6%","9.0%","0.7%","4.4%","0.1%","2.1%","20.7%","65.7%","56,257","15.5%","579,431","81.8%","$436,300","$2,937","$1,296","$1,895","1,459","505,564","2.96","92.2%","22.4%","94.7%","90.5%","90.4%","38.3%","6.1%","4.9%","65.6%","60.6%","3,936,735","13,050,833","2,886,231","27,801,053","$18,736","32.1","$111,660","$49,404","6.4%","49,173","591,446","33,388,676","-0.5%","141,623","43,485","29,452","8,162","6,481","34,672","2,056","38,750","1,674.7","1,637.4","911.17","912.05","""36103"""
"cattaraugus_county",NA,"76,426",NA,"77,042",NA,"-0.8%","77,042","80,317","5.4%","22.0%","20.3%","49.8%","91.6%","1.5%","3.7%","0.8%","Z","2.3%","2.4%","90.0%","5,638","1.5%","40,231","72.6%","$92,500","$1,141","$486","$682","128","31,333","2.38","90.6%","4.3%","85.7%","77.8%","89.6%","20.0%","12.0%","6.8%","56.7%","53.8%","337,841","375,559","55,421","1,096,043","$14,198","22.4","$53,537","$27,917","16.1%","1,532","20,505","787,463","-1.5%","3,665","1,241","752","123","82","961","S","914","58.9","61.4","1,308.16","1,308.35","""36009"""
"chautauqua_county",NA,"126,807",NA,"127,657",NA,"-0.7%","127,657","134,905","5.2%","20.3%","21.1%","50.2%","93.2%","2.9%","0.8%","0.7%","0.1%","2.4%","8.1%","86.6%","8,058","2.4%","66,338","68.8%","$96,000","$1,038","$465","$694","88","53,050","2.31","89.1%","8.1%","87.7%","81.8%","89.3%","23.3%","13.1%","6.0%","55.4%","52.6%","228,144","653,326","121,395","1,508,880","$11,749","18.7","$50,408","$27,980","17.2%","2,692","39,745","1,574,586","-3.1%","7,036","2,249","1,425","287","106","1,804","S","1,758","120.4","127.2","1,060.41","1,060.23","""36013"""
"albany_county",NA,"313,743",NA,"314,848",NA,"-0.4%","314,848","304,204","4.7%","18.2%","17.9%","51.4%","75.3%","14.2%","0.3%","7.0%","0.1%","3.1%","6.6%","70.9%","13,846","11.3%","146,813","57.3%","$235,200","$1,781","$664","$1,113","889","130,754","2.27","85.7%","13.7%","92.9%","86.9%","92.8%","44.3%","8.0%","4.7%","64.9%","62.0%","1,001,244","4,402,020","732,288","6,617,664","$21,492","20.7","$73,810","$40,997","11.9%","9,347","179,079","9,741,257","-2.4%","19,941","7,554","4,473","1,411","S","5,350","S","5,842","602.1","581.9","522.89","522.80","""36001"""
"greene_county",NA,"48,499",NA,"47,931",NA,"1.2%","47,931","49,221","4.3%","15.9%","23.0%","47.5%","89.5%","6.3%","0.5%","1.3%","Z","2.4%","6.8%","84.2%","3,029","5.7%","28,993","77.0%","$190,000","$1,655","$571","$963","107","17,451","2.56","93.7%","7.5%","87.2%","76.3%","87.9%","25.6%","9.9%","5.6%","55.2%","57.0%","130,781","100,052","47,321","713,994","$15,062","28.5","$62,810","$33,894","11.7%","1,135","10,313","383,437","-3.3%","3,866","944","599","116","S","767","S","751","74.1","76.1","647.16","647.16","""36039"""
"rensselaer_county",NA,"160,232",NA,"161,130",NA,"-0.6%","161,130","159,429","4.9%","19.2%","18.1%","50.3%","85.7%","8.3%","0.4%","2.9%","0.1%","2.7%","5.4%","81.9%","8,873","5.4%","74,356","62.8%","$204,200","$1,720","$671","$1,046","230","66,341","2.34","85.8%","7.8%","93.0%","88.2%","92.3%","34.3%","10.5%","3.9%","64.2%","61.2%","274,210","870,266","158,522","1,558,396","$9,788","23.5","$76,731","$38,955","12.3%","3,008","45,302","2,629,409","-0.2%","9,347","2,546","1,626","392","259","1,978","S","2,012","247.0","244.4","652.46","652.43","""36083"""
"columbia_county",NA,"61,778",NA,"61,570",NA,"0.3%","61,570","63,096","3.9%","16.3%","25.4%","49.7%","90.0%","5.1%","0.3%","2.2%","0.1%","2.3%","5.5%","85.8%","3,396","6.7%","33,301","72.8%","$250,600","$1,730","$700","$992","101","25,167","2.35","90.2%","7.6%","90.7%","83.3%","91.2%","34.9%","9.9%","6.1%","59.3%","57.3%","107,827","378,724","108,683","784,592","$13,009","26.0","$73,065","$42,900","10.5%","1,759","16,403","662,872","-3.7%","6,593","1,809","1,062","294","S","1,477","S","1,512","97.0","99.4","634.66","634.71","""36021"""
"sullivan_county",NA,"79,806",NA,"78,624",NA,"1.5%","78,624","77,547","5.8%","21.4%","19.2%","48.3%","83.8%","10.2%","0.8%","2.1%","0.1%","3.0%","17.4%","70.0%","3,926","9.8%","49,565","69.2%","$185,700","$1,627","$726","$933","416","28,816","2.54","90.9%","16.9%","89.9%","83.8%","86.6%","27.0%","11.4%","6.5%","56.1%","55.7%","207,248","425,751","90,117","872,156","$11,629","28.6","$63,393","$33,037","17.1%","1,981","23,016","795,293","1.9%","5,952","1,617","929","368","160","1,276","S","1,354","81.2","80.1","968.15","968.13","""36105"""
"ulster_county",NA,"182,951",NA,"181,851",NA,"0.6%","181,851","182,493","4.3%","17.2%","20.8%","50.1%","87.0%","7.3%","0.5%","2.2%","0.1%","3.0%","11.1%","78.2%","7,737","7.3%","86,168","69.5%","$252,300","$1,988","$803","$1,175","342","71,194","2.39","89.9%","10.6%","93.3%","89.7%","91.4%","34.5%","9.9%","6.2%","60.1%","58.4%","479,092","841,209","166,612","2,570,533","$14,389","28.6","$71,040","$38,966","11.3%","4,781","45,886","1,714,641","-2.1%","17,562","4,341","2,566","856","399","3,512","221","3,656","161.8","162.3","1,124.24","1,124.24","""36111"""
"warren_county",NA,"65,618",NA,"65,737",NA,"-0.2%","65,737","65,707","4.3%","17.8%","23.5%","50.5%","95.4%","1.5%","0.3%","0.9%","Z","1.8%","2.9%","93.2%","4,416","3.6%","40,144","70.7%","$214,300","$1,574","$554","$969","280","29,261","2.21","87.8%","4.0%","90.4%","86.1%","91.5%","33.1%","11.2%","5.3%","61.1%","57.3%","420,855","774,281","67,689","1,590,365","$24,693","22.1","$68,765","$41,247","10.2%","2,186","30,940","1,357,237","-2.1%","4,948","2,180","1,246","419","119","1,788","77","1,809","75.8","75.8","867.22","866.95","""36113"""
"delaware_county",NA,"44,378",NA,"44,308",NA,"0.2%","44,308","47,980","3.9%","16.0%","26.0%","49.2%","94.4%","2.3%","0.4%","1.2%","0.1%","1.6%","4.4%","91.1%","2,834","4.3%","30,014","76.0%","$147,600","$1,231","$525","$723","83","18,487","2.29","89.3%","6.0%","87.9%","81.7%","90.1%","23.0%","12.4%","6.0%","53.5%","49.8%","43,246","178,959","31,976","462,341","$10,260","26.0","$52,757","$30,547","15.9%","1,047","9,973","513,995","-2.2%","3,728","825","467","100","S","681","S","616","30.7","33.3","1,442.60","1,442.44","""36025"""
"schoharie_county",NA,"29,863",NA,"29,714",NA,"0.5%","29,714","32,749","4.4%","17.6%","23.2%","49.6%","95.2%","1.7%","0.4%","0.8%","Z","1.9%","3.8%","92.2%","1,841","3.3%","16,498","76.2%","$151,700","$1,426","$567","$847","55","12,110","2.36","89.1%","5.5%","88.4%","80.1%","90.6%","23.2%","11.9%","5.2%","57.4%","53.3%","34,850","71,886","30,327","286,981","$9,180","31.6","$64,220","$33,957","12.9%","564","4,975","195,071","-8.8%","1,888","592","S","112","S","S","S","S","47.8","52.7","621.82","621.82","""36095"""
"schenectady_county",NA,"158,089",NA,"158,061",NA,"Z","158,061","154,727","5.8%","21.6%","17.7%","51.0%","76.4%","13.3%","0.8%","5.2%","0.2%","4.1%","7.8%","71.3%","8,238","10.2%","70,986","64.3%","$178,000","$1,619","$646","$1,018","437","61,038","2.50","88.0%","9.0%","93.4%","87.3%","91.3%","33.3%","9.3%","4.4%","62.5%","59.5%","261,361","1,179,559","138,275","1,938,234","$12,528","22.8","$69,891","$35,747","12.9%","2,933","53,356","2,965,880","-4.1%","9,259","2,550","1,678","363","208","1,996","133","2,043","772.6","756.6","204.58","204.52","""36093"""
"saratoga_county",NA,"237,359",NA,"235,509",NA,"0.8%","235,509","219,607","4.6%","19.3%","19.3%","50.5%","92.7%","2.1%","0.3%","2.9%","0.1%","2.0%","3.5%","89.8%","14,443","5.7%","111,077","72.4%","$273,500","$1,841","$653","$1,198","1,086","97,829","2.36","88.6%","6.7%","94.2%","90.9%","93.7%","42.7%","7.4%","3.8%","66.2%","62.2%","688,968","1,149,166","149,735","3,289,037","$14,343","25.2","$90,800","$47,902","7.7%","5,365","75,962","3,830,262","2.0%","17,512","4,282","2,549","738","231","3,522","186","3,457","290.8","271.1","810.00","809.98","""36091"""
"washington_county",NA,"60,956",NA,"61,302",NA,"-0.6%","61,302","63,216","4.4%","18.4%","20.6%","47.7%","94.0%","3.7%","0.4%","0.6%","Z","1.4%","3.1%","91.8%","4,070","2.6%","29,098","73.6%","$158,100","$1,413","$564","$893","104","24,073","2.42","88.4%","5.1%","90.8%","83.3%","88.7%","20.6%","11.0%","5.3%","58.5%","57.4%","42,334","105,642","22,349","603,887","$9,803","25.7","$63,869","$30,547","12.3%","1,027","10,653","459,934","0.8%","3,682","830","426","S","S","679","24","679","73.8","76.1","831.17","831.18","""36115"""
"clinton_county",NA,"79,596",NA,"79,843",NA,"-0.3%","79,843","82,128","4.6%","18.1%","18.2%","48.3%","92.1%","4.4%","0.4%","1.4%","Z","1.7%","3.0%","89.8%","4,952","4.4%","37,480","68.3%","$143,800","$1,367","$510","$872","172","32,379","2.24","84.8%","5.8%","91.2%","84.2%","87.5%","25.4%","11.8%","5.3%","56.0%","54.8%","173,636","582,587","234,209","1,409,426","$17,488","19.7","$62,470","$31,726","15.1%","1,756","24,904","1,006,989","-2.8%","4,006","1,474","768","S","67","1,172","S","1,093","76.9","79.1","1,037.75","1,037.85","""36019"""
"otsego_county",NA,"58,123",NA,"58,524",NA,"-0.7%","58,524","62,259","4.1%","15.7%","22.1%","51.2%","93.8%","2.7%","0.3%","1.5%","0.1%","1.7%","4.0%","90.6%","3,810","3.7%","29,922","73.8%","$154,200","$1,350","$500","$863","182","22,448","2.38","87.0%","6.0%","90.2%","83.0%","92.8%","33.3%","9.1%","5.5%","56.8%","53.5%","165,491","774,067","35,179","907,921","$15,143","23.2","$60,523","$32,226","13.8%","1,298","18,912","805,795","-1.7%","4,277","1,104","649","159","S","873","S","839","58.4","62.2","1,001.74","1,001.70","""36077"""
"montgomery_county",NA,"49,558",NA,"49,532",NA,"0.1%","49,532","50,219","6.2%","23.2%","19.1%","50.3%","92.2%","3.7%","0.6%","1.1%","0.2%","2.2%","15.5%","79.2%","2,704","3.2%","22,892","69.6%","$113,500","$1,264","$544","$793","110","18,907","2.57","89.1%","12.5%","86.2%","79.2%","88.7%","19.2%","11.7%","5.6%","59.0%","55.9%","57,084","414,388","105,429","705,906","$14,347","24.0","$53,533","$27,871","15.0%","1,034","16,165","643,587","1.4%","2,565","783","480","122","S","605","S","607","122.9","124.6","403.11","403.04","""36057"""
"fulton_county",NA,"53,116",NA,"53,324",NA,"-0.4%","53,324","55,531","4.8%","20.1%","20.4%","50.0%","94.6%","2.5%","0.3%","0.8%","Z","1.8%","3.9%","91.4%","3,560","1.6%","28,133","68.9%","$124,500","$1,225","$541","$792","70","21,712","2.41","89.8%","2.6%","89.2%","81.9%","87.3%","18.2%","13.4%","5.6%","58.7%","55.8%","70,040","315,990","110,318","752,515","$13,983","24.8","$55,240","$30,539","13.6%","1,130","13,957","535,217","-0.7%","2,728","832","432","S","S","662","20","687","107.6","112.1","495.46","495.47","""36035"""
"hamilton_county",NA,"5,119",NA,"5,107",NA,"0.2%","5,107","4,836","2.8%","13.2%","33.1%","49.5%","96.0%","1.4%","0.3%","0.7%","0.1%","1.5%","2.0%","94.3%","354","0.7%","7,880","86.5%","$170,600","$1,256","$453","$873","46","1,457","3.37","94.1%","1.5%","89.2%","83.9%","79.7%","20.5%","17.2%","9.4%","49.5%","41.3%","28,325","1,630","2,322","37,844","$8,453","20.8","$62,841","$30,476","9.6%","185","899","31,776","-4.2%","524","151","S","S","S","121","S","130","3.0","2.8","1,717.38","1,717.37","""36041"""
"essex_county",NA,"37,268",NA,"37,381",NA,"-0.3%","37,381","39,370","4.0%","15.8%","24.9%","47.9%","94.3%","2.8%","0.6%","0.8%","0.1%","1.4%","3.4%","91.8%","2,314","3.9%","25,236","76.6%","$162,700","$1,425","$556","$845","241","15,714","2.22","87.1%","6.3%","90.5%","84.0%","91.1%","30.5%","11.1%","5.3%","56.1%","57.2%","187,735","175,169","9,621","501,951","$13,378","22.6","$61,563","$34,555","11.3%","1,145","9,994","436,356","-1.0%","3,055","929","459","S","61","728","S","684","20.8","21.9","1,794.12","1,794.23","""36031"""
"oneida_county",NA,"230,274",NA,"232,125",NA,"-0.8%","232,125","234,878","5.4%","21.3%","19.4%","49.8%","85.6%","7.2%","0.4%","4.2%","0.1%","2.5%","6.6%","80.8%","14,447","8.4%","105,260","68.4%","$138,700","$1,305","$555","$807","377","90,866","2.42","88.9%","13.1%","90.3%","85.6%","88.8%","26.2%","9.5%","5.3%","57.6%","55.1%","1,007,823","1,934,408","255,399","3,166,524","$13,769","19.8","$61,733","$32,119","14.2%","4,773","87,671","3,686,107","-1.5%","12,392","4,142","2,494","622","314","3,209","204","3,272","191.5","193.7","1,212.33","1,212.43","""36065"""
"lewis_county",NA,"26,573",NA,"26,582",NA,"0.0%","26,582","27,087","5.9%","22.9%","19.6%","49.0%","97.0%","0.8%","0.3%","0.5%","0.1%","1.3%","1.7%","95.8%","1,768","1.2%","15,558","82.3%","$128,600","$1,263","$470","$725","74","10,453","2.52","92.2%","2.7%","88.3%","82.4%","91.1%","18.8%","10.2%","5.3%","59.4%","55.2%","26,155","109,591","20,088","285,459","$10,729","24.3","$60,049","$29,207","12.6%","518","4,661","197,562","-1.1%","1,622","458","S","S","S","S","S","S","20.9","21.3","1,274.64","1,274.68","""36049"""
"jefferson_county",NA,"116,295",NA,"116,721",NA,"-0.4%","116,721","116,229","7.3%","24.1%","14.6%","47.2%","87.3%","6.6%","0.7%","1.8%","0.3%","3.2%","7.7%","81.3%","10,146","4.5%","61,726","55.2%","$154,000","$1,354","$503","$1,072","161","45,517","2.45","80.2%","8.4%","93.0%","88.5%","91.2%","24.3%","10.4%","5.3%","50.8%","52.8%","249,192","660,389","139,374","1,911,846","$16,846","18.9","$58,271","$29,892","12.4%","2,370","28,834","1,150,451","-4.1%","5,278","1,930","1,029","383","128","1,431","172","1,322","92.0","91.6","1,268.70","1,268.59","""36045"""
"herkimer_county",NA,"59,937",NA,"60,139",NA,"-0.3%","60,139","64,519","4.9%","20.4%","21.5%","50.1%","95.7%","1.6%","0.3%","0.6%","Z","1.7%","2.6%","93.7%","4,142","2.9%","32,408","74.8%","$110,500","$1,163","$502","$709","79","24,441","2.43","90.4%","5.6%","89.4%","84.7%","90.9%","21.4%","11.8%","5.7%","60.1%","57.0%","84,428","188,478","54,857","555,113","$8,926","23.9","$60,561","$30,791","13.3%","1,080","12,350","458,929","-2.5%","3,233","958","580","143","S","806","S","787","42.6","45.7","1,411.54","1,411.47","""36043"""
"st_lawrence_county",NA,"108,051",NA,"108,505",NA,"-0.4%","108,505","111,944","4.8%","20.0%","18.2%","48.6%","93.6%","2.6%","1.1%","1.1%","0.1%","1.5%","2.4%","91.9%","7,032","3.6%","51,776","72.3%","$99,300","$1,168","$470","$741","253","41,224","2.36","87.2%","7.1%","89.2%","83.4%","88.6%","23.6%","11.6%","5.5%","52.9%","51.3%","197,372","708,929","85,576","1,448,805","$13,320","20.9","$54,351","$27,457","15.0%","1,827","26,318","1,139,427","-2.5%","4,772","1,488","745","S","S","1,123","106","1,081","40.5","41.8","2,679.52","2,680.38","""36089"""
"franklin_county",NA,"47,456",NA,"47,555",NA,"-0.2%","47,555","51,599","4.7%","19.2%","17.7%","44.8%","84.0%","6.5%","7.4%","0.5%","Z","1.6%","3.6%","81.7%","3,066","4.0%","25,418","71.1%","$118,800","$1,250","$472","$751","92","18,561","2.30","85.6%","7.2%","88.3%","82.0%","88.1%","21.6%","12.1%","6.8%","50.3%","51.8%","194,425","355,289","20,825","551,095","$10,918","20.7","$55,279","$27,826","16.7%","928","10,556","397,933","-2.3%","2,733","846","502","111","60","644","85","596","29.2","31.7","1,629.30","1,629.12","""36033"""
"cortland_county",NA,"46,311",NA,"46,809",NA,"-1.1%","46,809","49,336","4.8%","18.9%","17.1%","50.7%","94.1%","2.2%","0.4%","1.1%","Z","2.1%","3.1%","91.8%","2,597","2.6%","20,836","67.3%","$130,000","$1,342","$572","$811","43","18,260","2.38","84.3%","4.6%","91.9%","80.7%","90.1%","28.1%","9.6%","5.0%","63.4%","59.4%","150,910","273,559","27,025","723,450","$15,124","21.4","$62,163","$30,584","11.0%","1,019","15,065","554,119","0.6%","2,416","947","606","126","S","695","S","710","93.8","98.9","498.77","498.76","""36023"""
"onondaga_county",NA,"473,236",NA,"476,516",NA,"-0.7%","476,516","467,026","5.5%","21.1%","18.1%","51.4%","79.8%","12.0%","1.0%","3.8%","0.1%","3.4%","5.5%","76.2%","24,013","7.8%","211,699","65.2%","$154,100","$1,465","$604","$926","459","190,353","2.39","86.0%","10.6%","91.1%","85.0%","91.3%","36.5%","9.9%","4.8%","62.0%","58.7%","1,137,141","5,179,422","1,111,572","7,365,633","$15,948","20.1","$66,012","$36,338","14.2%","11,322","222,141","10,761,816","0.8%","30,051","9,250","5,829","1,648","620","7,388","552","7,271","612.2","600.0","778.39","778.39","""36067"""
"broome_county",NA,"197,240",NA,"198,683",NA,"-0.7%","198,683","200,600","4.9%","19.4%","19.7%","50.5%","85.3%","6.7%","0.3%","4.5%","0.1%","3.2%","4.8%","82.0%","11,051","7.2%","92,891","65.0%","$122,200","$1,237","$553","$806","336","81,031","2.33","84.7%","9.7%","90.2%","85.3%","90.6%","28.9%","12.1%","5.2%","56.6%","53.0%","448,487","1,758,495","162,280","2,735,985","$14,157","19.4","$53,982","$31,224","14.1%","4,056","69,271","3,062,933","-3.3%","10,090","3,120","1,935","S","236","2,383","199","2,386","281.6","284.2","705.64","705.77","""36007"""
"chenango_county",NA,"46,537",NA,"47,220",NA,"-1.4%","47,220","50,477","5.1%","20.7%","21.6%","49.7%","96.4%","1.0%","0.4%","0.6%","Z","1.5%","2.4%","94.5%","3,235","1.9%","24,421","76.3%","$107,900","$1,201","$496","$714","211","19,753","2.37","87.7%","3.2%","89.8%","83.4%","88.8%","18.3%","14.6%","5.0%","59.4%","55.5%","44,763","172,012","20,407","478,708","$10,006","23.7","$55,690","$29,992","13.3%","830","13,483","665,811","0.6%","2,702","695","387","140","S","569","S","533","52.8","56.5","893.59","893.55","""36017"""
"madison_county",NA,"67,658",NA,"68,016",NA,"-0.5%","68,016","73,442","4.7%","18.8%","19.8%","50.2%","94.5%","2.0%","0.8%","0.9%","Z","1.7%","2.5%","92.7%","4,232","2.5%","30,629","77.9%","$151,100","$1,437","$579","$789","95","24,779","2.54","90.2%","4.2%","89.8%","84.7%","92.8%","26.2%","9.2%","4.6%","57.5%","53.9%","110,035","312,409","32,456","834,512","$11,755","23.9","$63,312","$34,302","10.4%","1,313","17,329","670,136","-0.9%","4,323","1,226","727","234","S","982","78","965","103.9","112.2","654.85","654.84","""36053"""
"oswego_county",NA,"117,387",NA,"117,525",NA,"-0.1%","117,525","122,109","5.3%","20.9%","17.5%","49.7%","95.8%","1.2%","0.5%","0.7%","Z","1.7%","2.9%","93.5%","8,542","2.0%","54,819","73.8%","$115,900","$1,276","$547","$844","139","46,749","2.42","86.2%","3.8%","92.4%","87.8%","89.7%","20.8%","11.0%","5.1%","61.6%","58.0%","181,890","387,483","38,252","1,417,277","$11,966","24.7","$61,983","$31,565","15.7%","2,080","23,341","1,078,759","-2.8%","5,542","1,788","1,098","S","54","1,489","98","1,419","123.5","128.3","951.65","951.65","""36075"""
"chemung_county",NA,"83,045",NA,"84,148",NA,"-1.3%","84,148","88,830","5.2%","21.1%","19.8%","50.1%","87.8%","6.6%","0.4%","1.5%","Z","3.7%","3.6%","85.5%","6,106","3.0%","39,195","68.2%","$114,600","$1,223","$509","$918","138","34,223","2.33","89.4%","4.1%","90.7%","84.2%","89.5%","23.9%","11.5%","5.0%","57.5%","55.7%","157,451","650,790","307,203","1,378,836","$16,255","19.3","$58,175","$31,379","14.9%","1,691","30,929","1,275,336","-0.3%","3,894","1,492","845","220","70","1,158","54","1,163","206.6","218.1","407.33","407.35","""36015"""
"schuyler_county",NA,"17,752",NA,"17,898",NA,"-0.8%","17,898","18,343","4.7%","19.0%","22.5%","49.7%","96.1%","1.1%","0.3%","0.7%","Z","1.7%","1.9%","94.5%","1,383","1.7%","9,681","75.4%","$134,400","$1,300","$538","$753","80","7,542","2.35","93.5%","3.2%","89.7%","81.5%","90.8%","24.3%","11.4%","4.9%","58.0%","53.7%","45,324","55,582","66,619","152,658","$8,524","28.4","$56,437","$31,171","13.6%","359","3,600","137,886","-1.7%","1,225","364","228","S","S","310","S","295","54.5","55.9","328.34","328.33","""36097"""
"seneca_county",NA,"33,688",NA,"33,814",NA,"-0.4%","33,814","35,251","5.2%","20.1%","20.3%","47.0%","90.9%","5.7%","0.6%","0.9%","Z","2.0%","4.1%","88.0%","2,445","2.3%","16,151","73.0%","$111,800","$1,170","$549","$828","40","13,603","2.28","87.0%","7.4%","90.6%","83.4%","84.7%","21.5%","12.1%","6.3%","57.1%","59.4%","204,898","85,189","78,021","505,695","$14,746","21.8","$59,086","$30,732","13.4%","706","10,032","361,117","-3.0%","1,920","609","321","S","S","443","S","387","104.5","108.9","323.70","323.71","""36099"""
"tioga_county",NA,"47,980",NA,"48,455",NA,"-1.0%","48,455","51,125","4.7%","20.4%","21.5%","49.9%","96.3%","1.1%","0.3%","0.9%","Z","1.4%","2.1%","94.6%","3,390","1.9%","21,918","78.0%","$122,900","$1,329","$535","$829","163","20,316","2.36","90.1%","2.5%","91.0%","86.9%","92.7%","25.8%","11.5%","4.5%","61.0%","55.7%","44,569","64,807","31,998","350,322","$7,200","23.6","$64,987","$34,101","11.7%","745","10,365","572,832","28.6%","2,770","687","373","172","S","549","S","568","93.4","98.6","518.77","518.60","""36107"""
"tompkins_county",NA,"105,162",NA,"105,740",NA,"-0.5%","105,740","101,564","3.6%","14.4%","15.7%","50.7%","81.5%","4.5%","0.5%","9.8%","0.1%","3.7%","5.5%","77.4%","3,879","12.3%","47,375","54.2%","$228,900","$1,782","$725","$1,218","644","42,889","2.14","72.5%","16.0%","95.3%","87.2%","95.0%","55.3%","7.6%","4.5%","59.2%","57.8%","279,394","643,164","93,970","1,194,095","$11,624","20.1","$64,260","$37,250","16.2%","2,269","48,904","2,160,017","-3.5%","7,685","2,041","1,022","403","103","1,523","S","1,541","222.8","214.0","474.64","474.65","""36109"""
"cayuga_county",NA,"75,880",NA,"76,248",NA,"-0.5%","76,248","80,026","4.8%","19.4%","20.6%","48.3%","91.6%","4.6%","0.5%","0.7%","0.1%","2.5%","3.3%","89.3%","4,907","2.1%","36,751","70.5%","$138,200","$1,359","$585","$799","72","30,604","2.36","87.9%","3.9%","89.6%","83.2%","88.1%","22.2%","10.1%","5.7%","57.5%","56.7%","111,983","361,020","192,208","886,842","$11,444","22.8","$59,602","$32,690","14.8%","1,534","18,602","729,880","-3.4%","4,246","1,444","806","181","S","1,142","S","1,079","110.3","115.7","691.58","691.58","""36011"""
"livingston_county",NA,"61,578",NA,"61,834",NA,"-0.4%","61,834","65,393","4.2%","17.6%","19.2%","49.2%","93.2%","3.1%","0.5%","1.3%","0.1%","1.7%","4.1%","90.2%","3,701","3.7%","27,163","76.3%","$142,000","$1,357","$609","$843","34","24,012","2.34","85.7%","7.3%","91.4%","86.4%","91.9%","28.9%","8.8%","5.2%","57.5%","56.1%","102,473","164,792","28,278","700,000","$11,023","24.7","$64,467","$33,015","12.0%","1,211","13,634","518,084","-0.2%","3,517","985","563","181","S","810","S","778","97.9","103.5","631.76","631.76","""36051"""
"monroe_county",NA,"755,160",NA,"759,443",NA,"-0.6%","759,443","744,344","5.2%","20.5%","18.3%","51.5%","76.7%","16.1%","0.5%","3.7%","0.1%","2.9%","9.6%","69.8%","32,405","8.5%","338,052","63.7%","$160,000","$1,461","$663","$991","1,067","311,955","2.34","86.0%","13.4%","92.3%","87.4%","91.1%","40.0%","10.8%","4.6%","63.8%","60.5%","1,593,440","7,178,969","778,614","10,123,106","$13,615","20.1","$66,317","$37,599","13.3%","17,383","354,169","17,163,728","-2.1%","48,243","14,130","9,151","2,709","1,323","11,368","S","11,863","1,156.0","1,132.6","656.94","657.21","""36055"""
"steuben_county",NA,"92,948",NA,"93,584",NA,"-0.7%","93,584","98,990","5.5%","21.6%","20.3%","49.9%","94.6%","1.7%","0.3%","1.6%","Z","1.7%","1.8%","93.3%","7,023","3.6%","47,576","73.4%","$108,100","$1,232","$507","$755","118","38,650","2.39","89.7%","5.7%","89.6%","83.8%","91.5%","25.5%","11.3%","6.1%","59.4%","56.1%","139,159","572,639","112,928","1,229,718","$12,759","22.0","$58,652","$32,442","13.7%","1,743","25,344","1,456,984","-1.1%","5,068","1,464","881","224","S","1,161","S","1,133","67.3","71.2","1,390.51","1,390.56","""36101"""
"yates_county",NA,"24,613",NA,"24,774",NA,"-0.6%","24,774","25,348","6.2%","22.2%","21.5%","51.1%","96.7%","1.0%","0.3%","0.8%","Z","1.2%","2.2%","94.8%","1,407","1.7%","13,135","76.2%","$146,600","$1,239","$560","$723","68","8,594","2.74","93.5%","14.8%","80.0%","76.9%","86.2%","24.5%","8.0%","8.0%","56.9%","51.8%","26,115","67,678","14,359","194,639","$7,779","21.6","$57,635","$28,832","10.6%","525","4,990","166,307","-5.4%","1,989","564","355","S","S","463","34","428","73.3","75.0","338.14","338.14","""36123"""
"ontario_county",NA,"112,508",NA,"112,458",NA,"Z","112,458","107,931","4.6%","19.5%","21.5%","50.8%","93.2%","3.0%","0.4%","1.4%","0.1%","2.0%","5.2%","89.1%","6,209","3.8%","52,930","73.3%","$169,200","$1,461","$616","$962","437","46,547","2.33","87.3%","6.4%","92.6%","88.1%","93.3%","37.5%","8.9%","4.6%","62.9%","59.4%","283,235","755,801","129,314","2,309,861","$21,065","23.4","$70,694","$39,751","7.8%","2,866","46,659","2,434,189","-3.9%","7,302","2,554","1,625","336","S","2,074","202","1,923","174.6","167.6","644.08","644.07","""36069"""
"wayne_county",NA,"90,923",NA,"91,283",NA,"-0.4%","91,283","93,772","5.4%","21.2%","20.0%","49.9%","93.4%","3.1%","0.4%","0.7%","0.1%","2.4%","4.8%","89.4%","5,825","2.7%","42,364","78.1%","$134,800","$1,379","$572","$810","137","37,771","2.38","90.7%","5.3%","91.3%","85.9%","90.3%","24.4%","10.7%","6.2%","62.4%","58.6%","78,377","228,084","34,592","997,103","$11,026","24.6","$64,152","$33,705","10.0%","1,683","20,360","905,367","0.9%","4,835","1,494","990","S","69","1,249","S","1,191","151.2","155.3","603.83","603.83","""36117"""
"erie_county",NA,"950,683",NA,"954,236",NA,"-0.4%","954,236","919,040","5.2%","20.2%","18.7%","51.2%","78.8%","13.8%","0.8%","4.3%","0.1%","2.3%","6.0%","74.4%","49,769","7.2%","440,126","65.2%","$169,100","$1,404","$564","$893","1,348","403,064","2.29","88.2%","10.8%","90.9%","86.2%","92.1%","35.9%","9.7%","4.2%","63.0%","59.4%","2,373,674","9,058,246","2,065,135","13,619,165","$14,813","21.2","$62,578","$36,530","13.7%","22,412","423,814","20,275,413","-0.8%","54,312","17,588","11,332","3,187","1,381","14,414","992","14,533","915.1","881.4","1,042.73","1,042.69","""36029"""
"niagara_county",NA,"211,653",NA,"212,666",NA,"-0.5%","212,666","216,469","5.1%","19.9%","20.2%","50.9%","87.2%","7.4%","1.2%","1.2%","0.1%","2.9%","3.7%","84.5%","13,864","3.6%","100,304","71.9%","$140,400","$1,329","$561","$753","205","90,030","2.32","91.2%","4.6%","89.8%","84.8%","91.6%","26.3%","10.9%","4.6%","60.9%","57.7%","834,387","873,688","284,562","2,721,401","$12,903","22.8","$60,834","$33,465","13.0%","4,516","61,980","2,249,803","-2.1%","10,449","3,960","2,509","654","311","3,200","S","3,262","407.1","414.4","522.35","522.36","""36063"""
"allegany_county",NA,"46,106",NA,"46,456",NA,"-0.8%","46,456","48,946","5.1%","20.1%","20.0%","48.9%","95.6%","1.4%","0.4%","1.2%","Z","1.4%","1.8%","94.2%","3,414","1.7%","23,505","81.0%","$80,900","$1,069","$471","$686","34","16,671","2.51","88.5%","4.7%","87.7%","80.4%","91.0%","22.4%","11.9%","5.2%","53.6%","52.1%","69,286","133,293","12,319","247,600","$5,305","22.4","$54,375","$26,388","14.6%","737","10,977","390,839","-0.8%","2,438","621","337","S","23","480","S","454","45.1","47.6","1,029.44","1,029.31","""36003"""
"wyoming_county",NA,"40,491",NA,"40,531",NA,"-0.1%","40,531","42,155","4.5%","18.3%","19.2%","45.4%","91.9%","5.9%","0.5%","0.5%","0.1%","1.2%","3.5%","89.4%","2,239","2.2%","18,275","77.4%","$125,300","$1,232","$536","$713","39","15,870","2.39","91.6%","3.3%","89.0%","81.3%","88.4%","18.1%","8.7%","4.8%","57.0%","57.9%","37,148","130,469","48,560","392,409","$9,738","25.3","$60,013","$32,139","9.4%","764","8,588","353,601","-1.5%","2,074","681","456","S","S","563","S","535","68.4","71.1","592.75","592.75","""36121"""
"orleans_county",NA,"40,191",NA,"40,343",NA,"-0.4%","40,343","42,883","4.7%","18.8%","19.4%","49.7%","90.0%","6.2%","0.8%","0.6%","0.1%","2.3%","5.2%","86.1%","2,679","2.8%","18,245","74.5%","$107,700","$1,250","$603","$802","31","16,203","2.33","90.2%","6.1%","87.5%","83.5%","87.0%","17.2%","12.2%","5.1%","54.8%","50.5%","35,255","92,762","27,484","325,407","$7,973","25.3","$54,882","$29,085","16.1%","638","7,565","290,048","-1.5%","1,889","551","338","80","34","432","29","404","103.1","109.6","391.26","391.26","""36073"""
"genesee_county",NA,"57,853",NA,"58,388",NA,"-0.9%","58,388","60,079","5.0%","20.3%","19.6%","49.7%","92.8%","3.2%","1.2%","0.7%","Z","2.1%","3.7%","90.0%","3,634","2.4%","26,098","72.6%","$130,100","$1,265","$545","$808","93","24,461","2.35","90.3%","3.5%","91.1%","85.6%","92.6%","22.0%","11.2%","4.9%","64.2%","61.2%","103,451","270,241","32,345","889,560","$15,383","23.4","$63,734","$32,477","9.6%","1,245","16,611","662,802","-2.5%","2,975","1,013","617","150","49","800","S","765","118.4","121.9","492.94","492.94","""36037"""
